Time (Seconds),RToeOut_X,RToeOut_Y,RToeOut_Z
0,-0.157764,0.052657,1.126109
0.01,-0.157741,0.052676,1.126089
0.02,-0.157725,0.05266,1.126049
0.03,-0.157725,0.053065,1.125945
0.04,-0.157719,0.052645,1.126069
0.05,-0.157735,0.052657,1.12611
0.06,-0.157709,0.052613,1.126055
0.07,-0.15773,0.05265,1.126052
0.08,-0.15771,0.052617,1.126032
0.09,-0.157706,0.053048,1.125941
0.1,-0.157684,0.053017,1.125919
0.11,-0.157673,0.053015,1.125918
0.12,-0.157637,0.053008,1.125828
0.13,-0.157634,0.053001,1.125823
0.14,-0.157597,0.05297,1.125728
0.15,-0.157594,0.052553,1.125816
0.16,-0.157578,0.052968,1.125672
0.17,-0.157562,0.052948,1.125663
0.18,-0.157566,0.052963,1.125683
0.19,-0.157531,0.052973,1.125655
0.2,-0.157524,0.052975,1.12564
0.21,-0.157546,0.052987,1.125727
0.22,-0.157531,0.052983,1.125671
0.23,-0.157504,0.052987,1.125616
0.24,-0.157514,0.053012,1.125669
0.25,-0.157525,0.053002,1.125672
0.26,-0.15751,0.053002,1.125653
0.27,-0.157514,0.053033,1.125673
0.28,-0.157497,0.053039,1.125669
0.29,-0.15752,0.053042,1.125751
0.3,-0.157515,0.05263,1.125819
0.31,-0.157524,0.052634,1.12584
0.32,-0.157535,0.052653,1.125858
0.33,-0.157545,0.053076,1.125761
0.34,-0.157549,0.052644,1.125858
0.35,-0.157571,0.052671,1.125902
0.36,-0.157593,0.052718,1.125957
0.37,-0.157558,0.052734,1.125902
0.38,-0.157556,0.052735,1.125898
0.39,-0.157555,0.052723,1.125927
0.4,-0.157557,0.052729,1.125934
0.41,-0.157574,0.052748,1.125961
0.42,-0.157591,0.05273,1.125939
0.43,-0.157567,0.052719,1.125874
0.44,-0.157553,0.052696,1.125786
0.45,-0.157528,0.052724,1.125761
0.46,-0.157486,0.052692,1.125679
0.47,-0.157454,0.052694,1.125648
0.48,-0.15742,0.052689,1.12554
0.49,-0.157399,0.052654,1.125505
0.5,-0.157328,0.052641,1.125332
0.51,-0.157341,0.052627,1.125323
0.52,-0.157331,0.052641,1.125283
0.53,-0.157316,0.052618,1.125219
0.54,-0.15728,0.052587,1.125124
0.55,-0.157271,0.052579,1.125074
0.56,-0.157279,0.052556,1.125047
0.57,-0.157244,0.052561,1.124924
0.58,-0.157243,0.05259,1.124919
0.59,-0.157206,0.052552,1.124818
0.6,-0.157214,0.052521,1.124799
0.61,-0.157247,0.052495,1.124903
0.62,-0.157252,0.052475,1.124832
0.63,-0.157244,0.052444,1.124765
0.64,-0.157179,0.052358,1.124587
0.65,-0.157126,0.052317,1.124428
0.66,-0.157077,0.052249,1.124319
0.67,-0.15702,0.052199,1.124186
0.68,-0.156965,0.05213,1.124043
0.69,-0.1569,0.052062,1.123823
0.7,-0.156804,0.051999,1.123614
0.71,-0.156696,0.051911,1.123357
0.72,-0.156593,0.051809,1.123119
0.73,-0.156528,0.051769,1.122975
0.74,-0.156668,0.051957,1.123513
0.75,-0.156561,0.051847,1.123203
0.76,-0.156463,0.051764,1.122886
0.77,-0.156603,0.051893,1.123318
0.78,-0.156688,0.051867,1.123217
0.79,-0.156467,0.051753,1.122843
0.8,-0.156412,0.051667,1.122657
0.81,-0.156304,0.051621,1.122458
0.82,-0.156371,0.051704,1.122605
0.83,-0.15643,0.051636,1.122461
0.84,-0.15629,0.052339,1.123317
0.85,-0.156127,0.052238,1.122931
0.86,-0.15598,0.052188,1.122678
0.87,-0.156397,0.051636,1.122338
0.88,-0.156168,0.051946,1.121914
0.89,-0.156058,0.051828,1.121764
0.9,-0.156023,0.051659,1.121466
0.91,-0.156003,0.051482,1.121248
0.92,-0.156001,0.051273,1.120988
0.93,-0.156027,0.051076,1.120785
0.94,-0.156126,0.05084,1.120615
0.95,-0.156259,0.05059,1.120424
0.96,-0.156415,0.050291,1.120322
0.97,-0.156531,0.050104,1.120216
0.98,-0.156627,0.049927,1.120174
0.99,-0.156701,0.049798,1.120162
1,-0.156752,0.049677,1.120129
1.01,-0.156791,0.049578,1.120117
1.02,-0.156796,0.049484,1.120042
1.03,-0.156817,0.049388,1.120047
1.04,-0.156878,0.04933,1.120088
1.05,-0.156975,0.049249,1.120135
1.06,-0.157117,0.049164,1.120194
1.07,-0.157235,0.049063,1.120233
1.08,-0.157361,0.048912,1.119997
1.09,-0.157433,0.049081,1.120496
1.1,-0.157459,0.049152,1.120642
1.11,-0.157447,0.049271,1.120796
1.12,-0.157415,0.049337,1.120915
1.13,-0.157344,0.049407,1.121008
1.14,-0.157337,0.049454,1.121067
1.15,-0.157355,0.049472,1.12106
1.16,-0.157452,0.049309,1.120673
1.17,-0.157554,0.049327,1.120734
1.18,-0.157656,0.049346,1.120861
1.19,-0.157757,0.049566,1.121469
1.2,-0.15784,0.04957,1.12174
1.21,-0.157772,0.049589,1.121892
1.22,-0.157786,0.049766,1.122091
1.23,-0.15783,0.049861,1.122302
1.24,-0.157893,0.04989,1.122433
1.25,-0.157915,0.050051,1.122632
1.26,-0.157954,0.048703,1.122993
1.27,-0.156898,0.051434,1.12047
1.28,-0.157141,0.050953,1.119302
1.29,-0.157336,0.051083,1.119456
1.3,-0.156903,0.051575,1.120758
1.31,-0.157027,0.051492,1.120262
1.32,-0.157201,0.051555,1.12039
1.33,-0.157405,0.051599,1.120581
1.34,-0.157711,0.051804,1.121507
1.35,-0.157102,0.051651,1.120799
1.36,-0.157485,0.051129,1.119487
1.37,-0.15746,0.051104,1.119374
1.38,-0.157443,0.051248,1.119671
1.39,-0.157004,0.051148,1.119527
1.4,-0.157149,0.051717,1.121019
1.41,-0.157087,0.051715,1.120936
1.42,-0.156902,0.051628,1.120443
1.43,-0.156974,0.051163,1.119306
1.44,-0.156857,0.051133,1.119164
1.45,-0.156663,0.051692,1.120701
1.46,-0.156559,0.051609,1.120477
1.47,-0.156514,0.051523,1.120413
1.48,-0.156228,0.053056,1.120553
1.49,-0.156916,0.049585,1.123454
1.5,-0.15849,0.050477,1.124775
1.51,-0.15846,0.050776,1.123911
1.52,-0.156606,0.050403,1.12279
1.53,-0.156619,0.05029,1.122735
1.54,-0.156628,0.049757,1.122802
1.55,-0.156691,0.049578,1.122644
1.56,-0.156738,0.049429,1.122444
1.57,-0.156764,0.049272,1.122169
1.58,-0.156778,0.049135,1.121968
1.59,-0.156752,0.048921,1.121416
1.6,-0.15721,0.04855,1.120396
1.61,-0.157007,0.048521,1.120285
1.62,-0.157495,0.048243,1.119483
1.63,-0.15768,0.048087,1.119047
1.64,-0.157546,0.048352,1.119402
1.65,-0.157509,0.048161,1.118535
1.66,-0.157376,0.048122,1.117735
1.67,-0.157174,0.048239,1.116973
1.68,-0.156995,0.048985,1.11579
1.69,-0.156719,0.049216,1.114583
1.7,-0.156482,0.049717,1.113712
1.71,-0.156335,0.050174,1.112544
1.72,-0.156297,0.05039,1.111411
1.73,-0.156448,0.051361,1.109888
1.74,-0.156779,0.052856,1.107746
1.75,-0.157145,0.054092,1.105531
1.76,-0.157442,0.055004,1.103268
1.77,-0.157817,0.056535,1.100426
1.78,-0.1582,0.058358,1.097069
1.79,-0.158503,0.059635,1.094274
1.8,-0.159041,0.061505,1.09064
1.81,-0.159673,0.063431,1.087005
1.82,-0.160406,0.065332,1.08261
1.83,-0.161337,0.067971,1.075806
1.84,-0.162449,0.070614,1.067936
1.85,-0.163908,0.073466,1.058665
1.86,-0.164997,0.075664,1.048459
1.87,-0.166158,0.077351,1.037163
1.88,-0.166932,0.078538,1.024452
1.89,-0.167355,0.079234,1.011296
1.9,-0.167518,0.079077,0.997487
1.91,-0.167244,0.078789,0.982677
1.92,-0.166501,0.077754,0.967157
1.93,-0.165337,0.076274,0.95104
1.94,-0.163817,0.074874,0.934107
1.95,-0.162098,0.070849,0.914202
1.96,-0.160253,0.07214,0.898949
1.97,-0.158515,0.070521,0.881715
1.98,-0.156739,0.069001,0.864419
1.99,-0.15544,0.067923,0.847642
2,-0.154426,0.067252,0.831374
2.01,-0.154141,0.067345,0.815173
2.02,-0.153854,0.067099,0.80034
2.03,-0.153959,0.067399,0.785666
2.04,-0.153915,0.067601,0.771198
2.05,-0.154031,0.068194,0.757492
2.06,-0.153914,0.068995,0.743879
2.07,-0.153639,0.069873,0.731553
2.08,-0.153287,0.070233,0.718195
2.09,-0.152617,0.070896,0.70574
2.1,-0.15169,0.07165,0.693724
2.11,-0.150297,0.071817,0.682131
2.12,-0.148729,0.072136,0.67085
2.13,-0.146825,0.072339,0.659993
2.14,-0.144616,0.072192,0.649932
2.15,-0.142232,0.071722,0.640722
2.16,-0.13969,0.070416,0.632658
2.17,-0.136964,0.070196,0.62458
2.18,-0.134281,0.06917,0.618071
2.19,-0.131796,0.067804,0.612617
2.2,-0.129407,0.065359,0.608388
2.21,-0.127512,0.064862,0.604111
2.22,-0.125912,0.06261,0.601613
2.23,-0.124814,0.061297,0.599511
2.24,-0.123954,0.058856,0.598263
2.25,-0.123555,0.057917,0.597077
2.26,-0.12356,0.056379,0.59694
2.27,-0.123912,0.055417,0.596906
2.28,-0.123992,0.053541,0.59685
2.29,-0.12381,0.052275,0.596493
2.3,-0.123347,0.052025,0.595671
2.31,-0.12241,0.052013,0.594949
2.32,-0.121057,0.051624,0.594445
2.33,-0.120122,0.052072,0.594196
2.34,-0.119717,0.052326,0.594182
2.35,-0.119623,0.052296,0.59413
2.36,-0.119719,0.05207,0.594043
2.37,-0.119954,0.05175,0.593903
2.38,-0.120324,0.051204,0.593768
2.39,-0.120816,0.050672,0.593078
2.4,-0.12095,0.050442,0.593459
2.41,-0.121117,0.050212,0.593409
2.42,-0.121185,0.050038,0.593292
2.43,-0.120997,0.0499,0.593169
2.44,-0.120967,0.04983,0.59319
2.45,-0.120946,0.049746,0.593191
2.46,-0.120957,0.049688,0.593151
2.47,-0.120953,0.049603,0.593081
2.48,-0.120959,0.049604,0.593124
2.49,-0.120956,0.049581,0.593118
2.5,-0.120989,0.049567,0.593201
2.51,-0.121046,0.049584,0.593304
2.52,-0.12106,0.049537,0.593159
2.53,-0.121114,0.049729,0.593725
2.54,-0.12117,0.049773,0.593945
2.55,-0.1212,0.049776,0.594115
2.56,-0.121256,0.049856,0.594224
2.57,-0.121285,0.04991,0.594298
2.58,-0.12132,0.049952,0.594376
2.59,-0.121378,0.049964,0.594438
2.6,-0.121402,0.049998,0.594471
2.61,-0.121395,0.050013,0.594505
2.62,-0.121381,0.050056,0.594509
2.63,-0.121425,0.050114,0.594573
2.64,-0.121448,0.050153,0.594547
2.65,-0.121521,0.050189,0.594657
2.66,-0.121311,0.050176,0.594544
2.67,-0.121123,0.050233,0.594492
2.68,-0.121049,0.050263,0.594543
2.69,-0.120972,0.050359,0.594605
2.7,-0.120823,0.050416,0.59459
2.71,-0.120777,0.050525,0.594694
2.72,-0.120759,0.050636,0.594862
2.73,-0.120771,0.05009,0.59524
2.74,-0.120755,0.050136,0.595356
2.75,-0.120755,0.050198,0.595342
2.76,-0.120864,0.050231,0.595451
2.77,-0.120952,0.050261,0.595587
2.78,-0.120993,0.050296,0.595626
2.79,-0.121006,0.050243,0.595658
2.8,-0.120946,0.050234,0.595622
2.81,-0.120831,0.050177,0.595584
2.82,-0.120594,0.050137,0.595413
2.83,-0.12146,0.043045,0.600718
2.84,-0.121107,0.043138,0.600319
2.85,-0.119702,0.050054,0.59466
2.86,-0.119514,0.049937,0.594436
2.87,-0.119446,0.050286,0.593999
2.88,-0.119393,0.050198,0.593914
2.89,-0.119359,0.0501,0.593791
2.9,-0.119627,0.050108,0.593885
2.91,-0.119674,0.050027,0.593894
2.92,-0.119735,0.049995,0.593911
2.93,-0.119863,0.049732,0.593454
2.94,-0.119959,0.049877,0.594109
2.95,-0.120151,0.049691,0.594219
2.96,-0.120387,0.049557,0.594306
2.97,-0.120577,0.049413,0.594304
2.98,-0.120658,0.049616,0.595468
2.99,-0.120943,0.04915,0.594364
3,-0.121124,0.04906,0.594464
3.01,-0.121232,0.04895,0.594317
3.02,-0.121283,0.049258,0.594077
3.03,-0.121378,0.048854,0.594284
3.04,-0.121334,0.04876,0.593987
3.05,-0.121518,0.049327,0.594861
3.06,-0.121608,0.049288,0.593668
3.07,-0.121636,0.049518,0.593386
3.08,-0.121664,0.04896,0.593555
3.09,-0.121774,0.049047,0.593192
3.1,-0.122077,0.049202,0.59297
3.11,-0.122399,0.049263,0.5926
3.12,-0.122687,0.049212,0.591989
3.13,-0.123024,0.04912,0.591333
3.14,-0.123314,0.048873,0.590411
3.15,-0.123486,0.048722,0.589329
3.16,-0.123551,0.048469,0.587895
3.17,-0.123507,0.04817,0.586624
3.18,-0.123346,0.047966,0.585309
3.19,-0.123311,0.047751,0.583764
3.2,-0.123996,0.046594,0.58003
3.21,-0.123631,0.048547,0.58084
3.22,-0.123682,0.048679,0.579271
3.23,-0.123791,0.048657,0.578384
3.24,-0.124214,0.050209,0.575771
3.25,-0.124551,0.051795,0.572748
3.26,-0.125475,0.055177,0.567548
3.27,-0.126154,0.056822,0.563635
3.28,-0.127692,0.060467,0.556917
3.29,-0.129515,0.063717,0.549126
3.3,-0.131528,0.066317,0.540409
3.31,-0.133545,0.06798,0.530859
3.32,-0.13554,0.069203,0.519813
3.33,-0.137528,0.070438,0.507808
3.34,-0.139365,0.07056,0.495138
3.35,-0.140526,0.06951,0.481648
3.36,-0.141704,0.0688,0.46774
3.37,-0.142524,0.067713,0.453023
3.38,-0.143296,0.066933,0.437864
3.39,-0.143643,0.065283,0.422329
3.4,-0.143973,0.06518,0.405962
3.41,-0.14419,0.064682,0.389641
3.42,-0.144427,0.063786,0.373734
3.43,-0.144769,0.063153,0.358137
3.44,-0.145166,0.062293,0.34348
3.45,-0.146025,0.062586,0.328753
3.46,-0.147121,0.063584,0.31738
3.47,-0.147703,0.062292,0.302049
3.48,-0.148832,0.062358,0.289664
3.49,-0.149931,0.062995,0.278502
3.5,-0.1509,0.062583,0.264764
3.51,-0.152145,0.064192,0.255156
3.52,-0.153317,0.065042,0.246297
3.53,-0.154436,0.067208,0.237602
3.54,-0.155298,0.068123,0.229636
3.55,-0.156029,0.068776,0.221988
3.56,-0.156841,0.069446,0.215791
3.57,-0.157054,0.069343,0.208593
3.58,-0.157535,0.069116,0.203094
3.59,-0.157789,0.069098,0.197489
3.6,-0.157604,0.066429,0.192319
3.61,-0.157572,0.064457,0.188301
3.62,-0.157309,0.061611,0.184771
3.63,-0.156894,0.058233,0.181985
3.64,-0.156472,0.054852,0.180284
3.65,-0.156062,0.053264,0.179172
3.66,-0.155877,0.052662,0.179173
3.67,-0.155828,0.052431,0.179315
3.68,-0.155534,0.052203,0.179424
3.69,-0.155018,0.052392,0.178666
3.7,-0.154137,0.052215,0.177839
3.71,-0.153706,0.052022,0.17742
3.72,-0.153758,0.051845,0.177421
3.73,-0.154007,0.051505,0.177448
3.74,-0.154276,0.051292,0.178023
3.75,-0.154821,0.049269,0.178013
3.76,-0.155196,0.048932,0.177978
3.77,-0.155554,0.048629,0.177975
3.78,-0.155719,0.047664,0.178044
3.79,-0.156101,0.04826,0.177998
3.8,-0.156452,0.047381,0.178359
3.81,-0.156867,0.047972,0.178471
3.82,-0.157171,0.04781,0.178682
3.83,-0.157401,0.047662,0.178761
3.84,-0.157526,0.047572,0.17884
3.85,-0.15758,0.047495,0.178867
3.86,-0.157614,0.047461,0.178916
3.87,-0.157619,0.047404,0.1789
3.88,-0.157611,0.047349,0.178888
3.89,-0.157457,0.047182,0.178483
3.9,-0.157446,0.047191,0.178552
3.91,-0.157462,0.047198,0.178616
3.92,-0.157489,0.04713,0.178578
3.93,-0.157529,0.04711,0.178541
3.94,-0.157581,0.04709,0.178498
3.95,-0.157698,0.047025,0.178467
3.96,-0.157812,0.046962,0.17848
3.97,-0.157949,0.046887,0.178466
3.98,-0.158082,0.046804,0.178483
3.99,-0.158202,0.046705,0.178426
4,-0.15834,0.0466,0.17844
4.01,-0.158484,0.046471,0.17839
4.02,-0.158644,0.04636,0.178459
4.03,-0.158757,0.046276,0.178487
4.04,-0.15892,0.04619,0.17861
4.05,-0.159047,0.046099,0.178696
4.06,-0.159147,0.046068,0.178825
4.07,-0.159243,0.046066,0.178938
4.08,-0.159242,0.046025,0.179016
4.09,-0.159213,0.045572,0.179097
4.1,-0.159327,0.045597,0.179297
4.11,-0.159582,0.045619,0.17952
4.12,-0.15951,0.045631,0.179576
4.13,-0.15954,0.045666,0.179682
4.14,-0.159786,0.045719,0.179892
4.15,-0.15985,0.045772,0.180096
4.16,-0.160043,0.046378,0.181863
4.17,-0.160149,0.046441,0.182024
4.18,-0.160318,0.046673,0.182361
4.19,-0.160311,0.046588,0.182404
4.2,-0.160479,0.047071,0.182754
4.21,-0.160479,0.04709,0.182867
4.22,-0.160476,0.047073,0.182849
4.23,-0.16048,0.046997,0.182698
4.24,-0.160252,0.047769,0.183173
4.25,-0.160243,0.048051,0.183095
4.26,-0.160322,0.048079,0.183112
4.27,-0.160039,0.048263,0.183756
4.28,-0.159957,0.048246,0.183746
4.29,-0.159911,0.048195,0.183583
4.3,-0.15989,0.048174,0.183486
4.31,-0.160107,0.04798,0.182837
4.32,-0.160107,0.047957,0.182793
4.33,-0.160125,0.047941,0.182718
4.34,-0.159992,0.047879,0.18237
4.35,-0.159985,0.047886,0.182377
4.36,-0.159917,0.047282,0.181986
4.37,-0.160196,0.047152,0.182609
4.38,-0.159967,0.047583,0.183394
4.39,-0.159993,0.047225,0.182212
4.4,-0.159765,0.047159,0.181767
4.41,-0.160036,0.047639,0.183481
4.42,-0.159907,0.047224,0.181781
4.43,-0.160001,0.04723,0.181812
4.44,-0.160381,0.047575,0.183104
4.45,-0.160647,0.047489,0.182929
4.46,-0.160612,0.046537,0.181222
4.47,-0.161024,0.046745,0.181166
4.48,-0.161079,0.046848,0.180165
4.49,-0.161527,0.047117,0.179901
4.5,-0.161972,0.047454,0.179317
4.51,-0.162342,0.047522,0.178543
4.52,-0.162725,0.048471,0.178371
4.53,-0.163057,0.048256,0.176269
4.54,-0.163434,0.048667,0.174621
4.55,-0.163911,0.049027,0.172754
4.56,-0.164291,0.049394,0.170891
4.57,-0.164251,0.049349,0.168385
4.58,-0.164882,0.050548,0.165947
4.59,-0.165471,0.051643,0.163104
4.6,-0.166204,0.051137,0.160216
4.61,-0.166843,0.052753,0.156859
4.62,-0.167087,0.052842,0.157906
4.63,-0.168158,0.054208,0.153782
4.64,-0.169051,0.056136,0.149671
4.65,-0.170178,0.058433,0.144685
4.66,-0.17137,0.060993,0.138755
4.67,-0.173326,0.06389,0.131465
4.68,-0.175534,0.066878,0.123336
4.69,-0.177855,0.06963,0.114152
4.7,-0.180097,0.07248,0.104715
4.71,-0.182294,0.074242,0.093969
4.72,-0.184512,0.075782,0.081848
4.73,-0.185979,0.077343,0.069889
4.74,-0.187914,0.074841,0.054709
4.75,-0.188406,0.077152,0.042475
4.76,-0.188757,0.076955,0.028089
4.77,-0.188806,0.075679,0.012574
4.78,-0.188642,0.074152,-0.003301
4.79,-0.186218,0.07212,-0.021501
4.8,-0.187359,0.070577,-0.037094
4.81,-0.186832,0.068575,-0.053956
4.82,-0.187217,0.064772,-0.074282
4.83,-0.186679,0.063858,-0.090979
4.84,-0.186025,0.065527,-0.105352
4.85,-0.186657,0.066263,-0.120109
4.86,-0.186997,0.066353,-0.136583
4.87,-0.187535,0.067738,-0.153241
4.88,-0.188063,0.066707,-0.167827
4.89,-0.188631,0.067237,-0.183132
4.9,-0.189068,0.068121,-0.198383
4.91,-0.189724,0.069568,-0.213298
4.92,-0.19014,0.070084,-0.227788
4.93,-0.190542,0.070593,-0.24184
4.94,-0.190837,0.071413,-0.255485
4.95,-0.190976,0.072407,-0.268851
4.96,-0.190747,0.073414,-0.282229
4.97,-0.191,0.072631,-0.299705
4.98,-0.189794,0.074143,-0.311482
4.99,-0.189327,0.074313,-0.321618
5,-0.188905,0.076669,-0.331738
5.01,-0.188306,0.077718,-0.339829
5.02,-0.187644,0.078133,-0.348057
5.03,-0.18712,0.078119,-0.355435
5.04,-0.186524,0.077395,-0.362195
5.05,-0.186143,0.076283,-0.367718
5.06,-0.185765,0.073886,-0.372167
5.07,-0.185658,0.072809,-0.37569
5.08,-0.185413,0.070962,-0.378376
5.09,-0.185136,0.068152,-0.37987
5.1,-0.184984,0.06605,-0.381011
5.11,-0.184726,0.06322,-0.38127
5.12,-0.1847,0.061143,-0.381103
5.13,-0.18452,0.059411,-0.380857
5.14,-0.184215,0.058797,-0.381154
5.15,-0.183491,0.05721,-0.382538
5.16,-0.183009,0.055021,-0.384661
5.17,-0.182251,0.052869,-0.386502
5.18,-0.181172,0.051478,-0.388146
5.19,-0.180915,0.051432,-0.38858
5.2,-0.180716,0.051317,-0.38872
5.21,-0.180676,0.051028,-0.388996
5.22,-0.18073,0.050608,-0.389135
5.23,-0.180823,0.050251,-0.389266
5.24,-0.180963,0.049938,-0.389383
5.25,-0.180998,0.049656,-0.389508
5.26,-0.181043,0.049395,-0.389627
5.27,-0.180987,0.049249,-0.389761
5.28,-0.180999,0.04911,-0.389879
5.29,-0.180957,0.048784,-0.390506
5.3,-0.180996,0.048879,-0.390124
5.31,-0.180935,0.048869,-0.390213
5.32,-0.180876,0.048874,-0.390298
5.33,-0.180805,0.048881,-0.390354
5.34,-0.180774,0.048925,-0.390382
5.35,-0.180751,0.048958,-0.39033
5.36,-0.180736,0.049042,-0.390318
5.37,-0.18072,0.049073,-0.390312
5.38,-0.180742,0.049113,-0.390276
5.39,-0.180765,0.049149,-0.390196
5.4,-0.180773,0.049166,-0.390152
5.41,-0.180779,0.049217,-0.390063
5.42,-0.180749,0.049237,-0.390001
5.43,-0.180711,0.049287,-0.389939
5.44,-0.180647,0.049326,-0.389963
5.45,-0.180613,0.049327,-0.389981
5.46,-0.181033,0.051003,-0.385436
5.47,-0.180566,0.049315,-0.390098
5.48,-0.180519,0.049294,-0.390138
5.49,-0.181024,0.051137,-0.385264
5.5,-0.180873,0.051051,-0.385464
5.51,-0.180924,0.051088,-0.385445
5.52,-0.180852,0.051084,-0.385464
5.53,-0.180784,0.051133,-0.385474
5.54,-0.180732,0.051188,-0.385431
5.55,-0.180494,0.050158,-0.385893
5.56,-0.180363,0.050261,-0.385782
5.57,-0.180348,0.050256,-0.385711
5.58,-0.180313,0.050324,-0.385666
5.59,-0.180283,0.050323,-0.385597
5.6,-0.180438,0.050336,-0.385449
5.61,-0.181146,0.05019,-0.38605
5.62,-0.180312,0.049702,-0.387326
5.63,-0.180319,0.049729,-0.3872
5.64,-0.180207,0.051238,-0.385684
5.65,-0.18013,0.051408,-0.385246
5.66,-0.18011,0.051393,-0.385319
5.67,-0.179976,0.05143,-0.385191
5.68,-0.179986,0.051444,-0.385212
5.69,-0.180247,0.05212,-0.385024
5.7,-0.180018,0.052023,-0.385055
5.71,-0.180146,0.051621,-0.385002
5.72,-0.180085,0.051973,-0.385028
5.73,-0.180002,0.051963,-0.385137
5.74,-0.179938,0.051501,-0.385271
5.75,-0.179964,0.051416,-0.385282
5.76,-0.179983,0.051342,-0.385266
5.77,-0.180025,0.051258,-0.385309
5.78,-0.180036,0.051201,-0.385321
5.79,-0.179994,0.051134,-0.38536
5.8,-0.179643,0.051095,-0.385492
5.81,-0.17953,0.051042,-0.38562
5.82,-0.179475,0.05139,-0.385575
5.83,-0.179421,0.051392,-0.385637
5.84,-0.179369,0.051368,-0.385702
5.85,-0.179378,0.051318,-0.385772
5.86,-0.179479,0.05121,-0.385837
5.87,-0.179589,0.051097,-0.385993
5.88,-0.17969,0.051013,-0.386249
5.89,-0.179733,0.050914,-0.386563
5.9,-0.179797,0.050776,-0.386999
5.91,-0.180139,0.050887,-0.386975
5.92,-0.180237,0.050995,-0.387665
5.93,-0.180295,0.051001,-0.388742
5.94,-0.180685,0.05146,-0.389251
5.95,-0.181664,0.049638,-0.394795
5.96,-0.181375,0.049486,-0.397178
5.97,-0.181337,0.048643,-0.399647
5.98,-0.181361,0.048738,-0.401652
5.99,-0.181545,0.049441,-0.403746
6,-0.181973,0.050231,-0.406141
6.01,-0.182256,0.051225,-0.408707
6.02,-0.182597,0.0523,-0.411215
6.03,-0.183212,0.054266,-0.414359
6.04,-0.184218,0.056959,-0.418503
6.05,-0.185652,0.060543,-0.423971
6.06,-0.187584,0.064762,-0.430762
6.07,-0.189788,0.068836,-0.438483
6.08,-0.191774,0.070906,-0.444099
6.09,-0.193934,0.073716,-0.453849
6.1,-0.1962,0.076179,-0.464477
6.11,-0.197731,0.077685,-0.476096
6.12,-0.199181,0.078281,-0.488377
6.13,-0.200513,0.080771,-0.499485
6.14,-0.20096,0.07824,-0.51576
6.15,-0.201161,0.079395,-0.528583
6.16,-0.200836,0.076065,-0.54652
6.17,-0.200069,0.074566,-0.562764
6.18,-0.198858,0.072779,-0.579759
6.19,-0.197807,0.071023,-0.596636
6.2,-0.196786,0.069333,-0.613681
6.21,-0.195862,0.068082,-0.63053
6.22,-0.195199,0.067047,-0.646865
6.23,-0.194887,0.066329,-0.662851
6.24,-0.194901,0.065787,-0.678174
6.25,-0.193864,0.067136,-0.690775
6.26,-0.193919,0.067104,-0.705029
6.27,-0.193978,0.067214,-0.71908
6.28,-0.193872,0.067548,-0.73277
6.29,-0.193593,0.067915,-0.745946
6.3,-0.193105,0.068184,-0.758791
6.31,-0.192818,0.069027,-0.770946
6.32,-0.192215,0.069969,-0.782804
6.33,-0.191494,0.070936,-0.794274
6.34,-0.190751,0.071813,-0.805176
6.35,-0.189889,0.072501,-0.815647
6.36,-0.1889,0.072866,-0.825423
6.37,-0.187898,0.076686,-0.835513
6.38,-0.186918,0.076762,-0.843811
6.39,-0.185582,0.07639,-0.851521
6.4,-0.184521,0.076304,-0.858269
6.41,-0.183307,0.07568,-0.864236
6.42,-0.182207,0.075357,-0.86931
6.43,-0.181387,0.075439,-0.873448
6.44,-0.180118,0.074063,-0.876964
6.45,-0.179189,0.073308,-0.87973
6.46,-0.177975,0.071405,-0.882008
6.47,-0.176533,0.066651,-0.882861
6.48,-0.17512,0.063556,-0.883725
6.49,-0.173782,0.061065,-0.884035
6.5,-0.172382,0.06181,-0.884964
6.51,-0.171146,0.061406,-0.885359
6.52,-0.170206,0.06073,-0.885919
6.53,-0.169488,0.059153,-0.886855
6.54,-0.169133,0.057596,-0.887995
6.55,-0.168839,0.056356,-0.889146
6.56,-0.168387,0.055622,-0.890229
6.57,-0.168108,0.055162,-0.89069
6.58,-0.168004,0.055057,-0.890894
6.59,-0.168024,0.054941,-0.890995
6.6,-0.167967,0.054728,-0.891188
6.61,-0.168172,0.054535,-0.891248
6.62,-0.168387,0.054337,-0.891297
6.63,-0.168665,0.052675,-0.89064
6.64,-0.168893,0.052447,-0.890653
6.65,-0.169045,0.052217,-0.890715
6.66,-0.169191,0.051996,-0.890861
6.67,-0.16934,0.052257,-0.890865
6.68,-0.169615,0.052145,-0.890885
6.69,-0.169647,0.052001,-0.890972
6.7,-0.169717,0.051273,-0.891055
6.71,-0.169788,0.051196,-0.891078
6.72,-0.169889,0.051016,-0.891158
6.73,-0.169961,0.05158,-0.891212
6.74,-0.17001,0.050894,-0.891091
6.75,-0.170086,0.050825,-0.891016
6.76,-0.170146,0.05079,-0.890944
6.77,-0.17021,0.050745,-0.890869
6.78,-0.170273,0.050684,-0.890797
6.79,-0.170298,0.050668,-0.890744
6.8,-0.170304,0.050674,-0.890685
6.81,-0.170312,0.050696,-0.890671
6.82,-0.170364,0.050688,-0.89061
6.83,-0.170419,0.050646,-0.890534
6.84,-0.170481,0.05066,-0.890466
6.85,-0.170541,0.051278,-0.890454
6.86,-0.170575,0.051253,-0.890399
6.87,-0.170616,0.051255,-0.890347
6.88,-0.170622,0.05067,-0.890234
6.89,-0.17063,0.051302,-0.890229
6.9,-0.170596,0.051352,-0.890187
6.91,-0.170549,0.051406,-0.890173
6.92,-0.170531,0.050837,-0.890106
6.93,-0.170549,0.050873,-0.890053
6.94,-0.170467,0.050851,-0.890014
6.95,-0.170487,0.051448,-0.889941
6.96,-0.170501,0.051504,-0.889789
6.97,-0.170532,0.051629,-0.889619
6.98,-0.170527,0.051701,-0.889448
6.99,-0.170525,0.051771,-0.889294
7,-0.170527,0.051293,-0.889065
7.01,-0.170544,0.051921,-0.888861
7.02,-0.170554,0.052004,-0.888705
7.03,-0.170577,0.052094,-0.888684
7.04,-0.170394,0.052056,-0.888924
7.05,-0.170483,0.052124,-0.888634
7.06,-0.170457,0.052097,-0.888759
7.07,-0.170538,0.05224,-0.888407
7.08,-0.170444,0.051695,-0.888499
7.09,-0.17054,0.052429,-0.888048
7.1,-0.170541,0.052594,-0.888125
7.11,-0.170613,0.052366,-0.887429
7.12,-0.170617,0.052528,-0.887364
7.13,-0.170819,0.052837,-0.886547
7.14,-0.170871,0.053038,-0.886083
7.15,-0.170889,0.053185,-0.885874
7.16,-0.170808,0.053237,-0.885939
7.17,-0.170659,0.053197,-0.886313
7.18,-0.1705,0.053202,-0.88665
7.19,-0.170413,0.053184,-0.886748
7.2,-0.170263,0.053186,-0.887015
7.21,-0.170229,0.05324,-0.886949
7.22,-0.170292,0.053296,-0.886695
7.23,-0.170405,0.053357,-0.886338
7.24,-0.170613,0.053434,-0.885839
7.25,-0.170859,0.053525,-0.885202
7.26,-0.171075,0.053622,-0.884653
7.27,-0.170983,0.053675,-0.884335
7.28,-0.171158,0.053746,-0.883829
7.29,-0.171011,0.053743,-0.883845
7.3,-0.171106,0.053763,-0.883545
7.31,-0.171162,0.053814,-0.883312
7.32,-0.171199,0.053821,-0.883137
7.33,-0.17123,0.053821,-0.883036
7.34,-0.17128,0.053813,-0.88294
7.35,-0.171328,0.053811,-0.882836
7.36,-0.171399,0.053809,-0.882719
7.37,-0.171491,0.053813,-0.882619
7.38,-0.171589,0.053807,-0.882493
7.39,-0.17169,0.053792,-0.882331
7.4,-0.171492,0.053721,-0.882697
7.41,-0.17156,0.053664,-0.882616
7.42,-0.171586,0.053681,-0.882584
7.43,-0.171591,0.05368,-0.88261
7.44,-0.171576,0.053704,-0.882629
7.45,-0.171523,0.053732,-0.882701
7.46,-0.171472,0.053733,-0.882735
7.47,-0.171404,0.053756,-0.882765
7.48,-0.171326,0.053739,-0.882886
7.49,-0.171257,0.053763,-0.882933
7.5,-0.171208,0.053757,-0.882946
7.51,-0.171175,0.053786,-0.882948
7.52,-0.171122,0.053768,-0.88299
7.53,-0.171075,0.053772,-0.883054
7.54,-0.171302,0.05383,-0.882628
7.55,-0.171271,0.053792,-0.882688
7.56,-0.171249,0.053804,-0.882764
7.57,-0.171219,0.053777,-0.882854
7.58,-0.171198,0.05374,-0.882923
7.59,-0.171201,0.053687,-0.883006
7.6,-0.171192,0.053663,-0.883081
7.61,-0.171205,0.053625,-0.883151
7.62,-0.171193,0.053602,-0.883187
7.63,-0.17122,0.0536,-0.88319
7.64,-0.171224,0.05356,-0.883195
7.65,-0.171251,0.053542,-0.883188
7.66,-0.171262,0.053553,-0.883199
7.67,-0.171269,0.053516,-0.883197
7.68,-0.171263,0.053546,-0.883222
7.69,-0.171242,0.053522,-0.883245
7.7,-0.171222,0.053518,-0.883293
7.71,-0.171176,0.053538,-0.883332
7.72,-0.171161,0.053511,-0.883401
7.73,-0.171112,0.053511,-0.883457
7.74,-0.171091,0.053524,-0.883489
7.75,-0.171068,0.05352,-0.883516
7.76,-0.17104,0.053559,-0.883529
7.77,-0.171023,0.05356,-0.883556
7.78,-0.171024,0.053529,-0.883532
7.79,-0.171032,0.053538,-0.883504
7.8,-0.171051,0.053565,-0.883475
7.81,-0.171071,0.053566,-0.883441
7.82,-0.171085,0.053569,-0.883406
7.83,-0.171091,0.05357,-0.883376
7.84,-0.171085,0.053585,-0.883381
7.85,-0.171088,0.053585,-0.88337
7.86,-0.171075,0.053634,-0.883361
7.87,-0.171067,0.053628,-0.88336
7.88,-0.171083,0.053634,-0.883319
7.89,-0.171098,0.053642,-0.883304
7.9,-0.171098,0.05366,-0.883277
7.91,-0.171102,0.053683,-0.883276
7.92,-0.171098,0.05369,-0.883243
7.93,-0.171096,0.053711,-0.883225
7.94,-0.171094,0.053706,-0.88322
7.95,-0.171098,0.053736,-0.883198